final_cash,total_borrow,total_invest,objective,scenario
500.0,0.0,41769.68151,348.08067925,0
500.0,0.0,44231.9891,368.59990916666663,1
500.0,0.0,39049.104999999996,325.4092083333333,2
500.0,0.0,40789.0525,339.90877083333334,3
500.0,0.0,52620.9927,438.5082725,4
500.0,0.0,50029.5914,416.91326166666664,5
500.0,0.0,29309.42851,244.24523758333333,6
500.0,0.0,60761.3831,506.34485916666665,7
500.0,0.0,47520.72341,396.00602841666665,8
500.0,0.0,38665.8918,322.21576500000003,9
500.0,0.0,46461.0958,387.17579833333326,10
500.0,0.0,45689.078,380.7423166666666,11
500.0,0.0,45777.4079,381.47839916666663,12
500.0,0.0,56190.2396,468.2519966666666,13
500.0,1357.4107,42415.2317,339.88615716666664,14
500.0,0.0,42859.85308,357.1654423333333,15
500.0,0.0,46538.7647,387.8230391666667,16
500.0,0.0,46346.629199999996,386.22191,17
500.0,2590.5516,33607.2254,254.15469566666667,18
500.0,0.0,46680.009620000004,389.0000801666667,19
500.0,3000.0,25680.880699999998,184.00733916666667,20
500.0,0.0,34647.11827,288.72598558333334,21
500.0,0.0,38154.544499999996,317.9545375,22
500.0,0.0,28202.582629999997,235.02152191666664,23
500.0,2488.5701,43834.3249,340.40033983333336,24
500.0,0.0,35350.737964,294.58948303333335,25
500.0,0.0,66318.76670000001,552.6563891666667,26
500.0,1964.3789,54050.98897,430.7811190833333,27
500.0,0.0,43815.0837,365.1256975,28
500.0,0.0,41445.4116,345.37843,29
500.0,0.0,51559.2997,429.66083083333336,30
500.0,0.0,41812.6991,348.4391591666667,31
500.0,0.0,38473.163,320.60969166666666,32
500.0,0.0,38458.46217,320.48718475,33
500.0,0.0,30958.4499,257.9870825,34
500.0,1175.5534,37545.2064,301.121186,35
500.0,0.0,40441.1674,337.0097283333333,36
500.0,2697.2507,31205.2727,233.07143216666668,37
500.0,0.0,14335.51787,119.46264891666667,38
500.0,1074.5997,32676.43013,261.55758741666665,39
500.0,226.62068,43048.2632,356.46931986666664,40
500.0,0.0,41713.5799,347.6131658333333,41
500.0,0.0,39883.82334,332.36519450000003,42
500.0,0.0,35561.79298,296.34827483333333,43
500.0,0.0,42563.2688,354.69390666666663,44
500.0,844.85779,29849.5962,240.2980571,45
500.0,0.0,37885.4464,315.7120533333333,46
500.0,0.0,59857.0066,498.8083883333333,47
500.0,0.0,37767.6212,314.7301766666667,48
500.0,0.0,61981.9074,516.515895,49
500.0,0.0,32061.06672,267.17555600000003,50
500.0,0.0,39140.2541,326.1687841666667,51
500.0,0.0,18517.9139,154.31594916666666,52
500.0,2812.525,32936.6138,246.34653166666666,53
500.0,0.0,38601.1748,321.6764566666667,54
500.0,0.0,33797.714724,281.6476227,55
500.0,0.0,34477.00813,287.30840108333337,56
500.0,0.0,40894.239,340.785325,57
500.0,0.0,37401.94405,311.68286708333335,58
500.0,0.0,32077.8475,267.3153958333333,59
500.0,0.0,26635.93952,221.96616266666666,60
500.0,0.0,38694.0121,322.4501008333333,61
500.0,0.0,55402.9982,461.69165166666664,62
500.0,2152.2663,35919.0293,277.80258116666664,63
500.0,0.0,39387.8315,328.23192916666665,64
500.0,0.0,41086.24343,342.3853619166667,65
500.0,0.0,51975.8211,433.13184249999995,66
500.0,0.0,46232.3604,385.26967,67
500.0,1291.9207,29532.929549,233.18853924166663,68
500.0,0.0,55343.625499999995,461.1968791666667,69
500.0,0.0,26572.391241,221.43659367499998,70
500.0,0.0,56347.3216,469.56101333333334,71
500.0,0.0,48181.049399999996,401.508745,72
500.0,0.0,43354.1028,361.28418999999997,73
500.0,2096.2286,36320.44209,281.70806474999995,74
500.0,0.0,25663.833499999997,213.86527916666665,75
500.0,0.0,49570.222499999996,413.0851875,76
500.0,0.0,34394.9097,286.62424749999997,77
500.0,0.0,46700.1835,389.16819583333336,78
500.0,4989.73316,23593.1004,146.71183839999998,79
500.0,3000.0,30093.1281,220.7760675,80
500.0,0.0,45808.36144,381.73634533333336,81
500.0,0.0,44586.4137,371.5534475,82
500.0,0.0,57300.3554,477.5029616666667,83
500.0,0.0,36331.9128,302.76594,84
500.0,0.0,34192.7459,284.93954916666667,85
500.0,0.0,52931.4853,441.0957108333333,86
500.0,0.0,46633.0349,388.6086241666667,87
500.0,0.0,43963.1963,366.3599691666667,88
500.0,161.52191,38851.9276,322.1508442333333,89
500.0,0.0,51290.72975,427.42274791666665,90
500.0,1295.4868,22033.8922,170.66090033333333,91
500.0,0.0,45122.4168,376.02014,92
500.0,0.0,40290.3334,335.7527783333333,93
500.0,0.0,30231.115,251.9259583333333,94
500.0,0.0,38895.0715,324.12559583333336,95
500.0,0.0,55223.258499999996,460.19382083333335,96
500.0,0.0,37012.7119,308.43926583333337,97
500.0,0.0,42034.8955,350.2907958333333,98
500.0,0.0,63086.8333,525.7236108333333,99
500.0,1002.4765,45247.2879,367.0359675,100
500.0,1521.6979,31348.1392,246.01751433333334,101
500.0,319.44823,36165.9619,298.1885335333333,102
500.0,0.0,28540.836,237.8403,103
500.0,0.0,34267.0586,285.55882166666663,104
500.0,0.0,51890.8732,432.42394333333334,105
500.0,0.0,48714.4922,405.9541016666666,106
500.0,0.0,43007.6612,358.39717666666667,107
500.0,0.0,46592.6538,388.272115,108
500.0,0.0,33268.5635,277.2380291666667,109
500.0,2117.38152,38261.71,297.6737681333333,110
500.0,0.0,46567.355299999996,388.0612941666667,111
500.0,1085.1439,36023.1411,289.34140349999996,112
500.0,260.67635,51353.7467,425.34112566666664,113
500.0,0.0,29898.8084,249.15673666666666,114
500.0,0.0,65506.618200000004,545.888485,115
500.0,1757.4316,33547.0401,261.9843515,116
500.0,1919.1396,27749.18358,212.0518005,117
500.0,0.0,36547.0168,304.5584733333333,118
500.0,0.0,35239.74108,293.664509,119
500.0,0.0,59342.7371,494.52280916666666,120
500.0,0.0,55270.30699999999,460.5858916666666,121
500.0,0.0,42866.181599999996,357.21817999999996,122
500.0,0.0,49554.6753,412.9556275,123
500.0,0.0,53477.60562,445.6467135,124
500.0,0.0,41505.26331,345.87719425,125
500.0,1374.7504,22714.396,175.53912933333334,126
500.0,0.0,21790.8842,181.59070166666666,127
500.0,155.72052,36948.58866,306.34770030000004,128
500.0,0.0,23885.95885,199.04965708333333,129
500.0,0.0,42470.61623,353.9218019166667,130
500.0,0.0,46921.5837,391.01319750000005,131
500.0,3000.0,44689.00626,342.4083855,132
500.0,0.0,18463.28087,153.86067391666666,133
500.0,0.0,27440.2621,228.66885083333332,134
500.0,0.0,51465.1476,428.8762300000001,135
500.0,0.0,42351.9656,352.93304666666666,136
500.0,78.78014,38876.9373,323.1866761,137
500.0,0.0,34576.1352,288.13446,138
500.0,542.69602,46779.7495,384.4042856333333,139
500.0,0.0,44299.38027,369.16150224999996,140
500.0,0.0,43701.64781,364.18039841666666,141
500.0,0.0,38921.84332,324.34869433333336,142
500.0,544.43953,40860.102,335.0564547,143
500.0,0.0,35958.74629,299.6562190833333,144
500.0,0.0,54405.2531,453.3771091666667,145
500.0,1359.3124,33552.95322,266.0148195,146
500.0,0.0,33809.7595,281.74799583333333,147
500.0,159.04961,47087.9436,390.8090339,148
500.0,0.0,37804.66128,315.03884400000004,149
500.0,0.0,50137.971,417.816425,150
500.0,0.0,34888.8686,290.74057166666665,151
500.0,0.0,22609.6985,188.41415416666666,152
500.0,0.0,40419.9207,336.83267249999994,153
500.0,0.0,53638.9796,446.99149666666665,154
500.0,0.0,39906.1538,332.5512816666667,155
500.0,0.0,22852.3196,190.43599666666665,156
500.0,1542.7303,34963.80898,275.93777183333333,157
500.0,0.0,40557.418000000005,337.9784833333333,158
500.0,0.0,42625.0769,355.2089741666667,159
500.0,0.0,30716.9585,255.97465416666665,160
500.0,1618.007,32822.604,257.34163,161
500.0,0.0,35176.359990000004,293.13633325,162
500.0,3125.79291,43321.0904,329.7511575666667,163
500.0,0.0,43842.1618,365.3513483333333,164
500.0,0.0,52229.773160000004,435.24810966666666,165
500.0,0.0,35364.863410000005,294.7071950833334,166
500.0,0.0,54125.76965,451.04808041666666,167
500.0,3554.28962,46981.7022,355.9712888,168
500.0,0.0,36979.56596,308.16304966666667,169
500.0,0.0,48213.4567,401.7788058333333,170
500.0,2684.1937,52660.195700000004,411.99302716666665,171
500.0,501.15008,31616.4445,258.45887003333337,172
500.0,729.05529,31097.7098,251.85702876666664,173
500.0,3000.0,45299.6545,347.4971208333333,174
500.0,3000.0,41119.73878,312.66448983333333,175
500.0,0.0,30194.5759,251.62146583333333,176
500.0,0.0,20673.213,172.27677500000001,177
500.0,0.0,48334.93337,402.79111141666664,178
500.0,1957.0031,33251.0723,257.5222381666666,179
500.0,157.70822,47426.6223,393.6447703,180
500.0,1467.046,47018.7186,377.152195,181
500.0,0.0,29059.010700000003,242.15842250000003,182
500.0,0.0,55144.4686,459.5372383333334,183
500.0,0.0,42262.87107,352.19059225,184
500.0,0.0,56284.9905,469.0415875,185
500.0,2351.7782,31461.9199,238.6648838333333,186
500.0,0.0,39160.0352,326.33362666666665,187
500.0,0.0,47568.6982,396.40581833333334,188
500.0,717.38088,28018.36367,226.31255511666666,189
500.0,1097.4585,42107.8509,339.9241725,190
500.0,0.0,48526.6603,404.38883583333336,191
500.0,3527.98175,41680.13577,312.05464725,192
500.0,0.0,39759.5216,331.32934666666665,193
500.0,0.0,43540.90329,362.84086075,194
500.0,575.15437,49498.9155,406.73941879999995,195
500.0,607.11884,28937.896699999998,235.07795076666667,196
500.0,0.0,38867.9542,323.8996183333333,197
500.0,0.0,28645.11863,238.70932191666665,198
500.0,0.0,37124.0253,309.3668775,199
500.0,5741.359399999999,35728.57351,240.32451858333332,200
500.0,0.0,41659.4125,347.1617708333333,201
500.0,1704.4478,35675.0798,280.2478536666667,202
500.0,0.0,52820.8141,440.17345083333333,203
500.0,0.0,46318.936799999996,385.99114,204
500.0,0.0,34395.8482,286.63206833333334,205
500.0,0.0,42024.119,350.20099166666665,206
500.0,958.22615,37296.6658,301.2232868333333,207
500.0,0.0,39536.5217,329.47101416666663,208
500.0,0.0,48943.0809,407.85900749999996,209
500.0,0.0,48649.465200000006,405.41220999999996,210
500.0,0.0,49400.7434,411.6728616666667,211
500.0,0.0,34684.694129999996,289.03911775,212
500.0,0.0,41199.25863,343.32715525,213
500.0,0.0,21653.26415,180.4438679166667,214
500.0,0.0,48938.737559999994,407.822813,215
500.0,0.0,42345.1901,352.87658416666665,216
500.0,0.0,64937.23711,541.1436425833333,217
500.0,0.0,37406.12431,311.71770258333333,218
500.0,0.0,34321.5575,286.0129791666667,219
500.0,0.0,50090.1729,417.41810749999996,220
500.0,0.0,60683.9024,505.6991866666667,221
500.0,0.0,33528.810620000004,279.4067551666667,222
500.0,0.0,46511.4471,387.5953924999999,223
500.0,0.0,40230.7936,335.25661333333335,224
500.0,0.0,29899.43713,249.16197608333331,225
500.0,0.0,47040.71067,392.00592225,226
500.0,693.78606,24367.54867,196.12504498333334,227
500.0,0.0,49079.602979999996,408.9966915,228
500.0,436.78972,37620.00017,309.1321042166667,229
500.0,0.0,31339.6741,261.16395083333333,230
500.0,2246.774,29263.8799,221.39792583333332,231
500.0,0.0,37580.191,313.1682583333333,232
500.0,0.0,45913.3207,382.6110058333333,233
500.0,0.0,36022.88064,300.190672,234
500.0,0.0,37762.4678,314.68723166666666,235
500.0,0.0,41936.1966,349.468305,236
500.0,0.0,51788.2018,431.56834833333335,237
500.0,0.0,61450.0651,512.0838758333333,238
500.0,0.0,31355.86905,261.29890875,239
500.0,0.0,51618.6415,430.15534583333334,240
500.0,346.82253,48068.9686,397.1065130333333,241
500.0,0.0,35316.90038,294.30750316666666,242
500.0,0.0,32680.7357,272.3394641666667,243
500.0,0.0,25321.99557,211.01662975,244
500.0,0.0,45464.4704,378.8705866666666,245
500.0,0.0,51320.7633,427.6730275,246
500.0,0.0,53174.8948,443.1241233333334,247
500.0,1172.7406,41844.1908,336.974184,248
500.0,0.0,29585.8755,246.54896250000002,249
500.0,1632.776,20299.3571,152.83354916666667,250
500.0,0.0,41261.92858,343.8494048333333,251
500.0,0.0,52822.6785,440.1889875,252
500.0,0.0,41017.4857,341.8123808333333,253
500.0,553.36341,49117.27321,403.77697598333333,254
500.0,0.0,37586.0814,313.21734499999997,255
500.0,0.0,52528.122,437.73435,256
500.0,0.0,54293.549100000004,452.44624250000004,257
500.0,575.1719,32695.6044,266.71165099999996,258
500.0,915.92392,42718.2572,346.8262374666667,259
500.0,0.0,42497.5516,354.1462633333333,260
500.0,0.0,48413.61481,403.4467900833333,261
500.0,3000.0,47889.845199999996,369.08204333333333,262
500.0,1730.1561,17512.642799999998,128.637129,263
500.0,0.0,47694.7275,397.4560625,264
500.0,0.0,49278.8493,410.65707749999996,265
500.0,669.8023,47967.9113,393.03457116666664,266
500.0,0.0,39637.0717,330.30893083333336,267
500.0,2282.8498,38852.794499999996,300.94478949999996,268
500.0,0.0,43547.3371,362.89447583333333,269
500.0,0.0,38385.3918,319.878265,270
500.0,0.0,42175.84371,351.46536425,271
500.0,0.0,38633.716,321.94763333333333,272
500.0,0.0,28921.33947,241.01116224999996,273
500.0,0.0,41170.4124,343.08677,274
500.0,0.0,58524.20337,487.70169475,275
500.0,0.0,53631.2594,446.9271616666667,276
500.0,0.0,43164.1287,359.70107249999995,277
500.0,0.0,57519.1675,479.3263958333333,278
500.0,0.0,46798.3436,389.9861966666667,279
500.0,0.0,39481.33927,329.0111605833333,280
500.0,886.49046,46108.535039999995,375.37288739999997,281
500.0,2637.07055,17391.70447,118.56016508333333,282
500.0,1223.4256,40460.304129000004,324.934945075,283
500.0,0.0,47349.6589,394.5804908333334,284
500.0,0.0,36071.856120000004,300.59880100000004,285
500.0,0.0,52001.8435,433.34869583333335,286
500.0,0.0,46714.4641,389.2872008333333,287
500.0,0.0,29852.3936,248.76994666666667,288
500.0,0.0,51636.9925,430.30827083333327,289
500.0,0.0,43541.57065,362.8464220833333,290
500.0,0.0,36985.5733,308.2131108333333,291
500.0,0.0,54784.6581,456.53881750000005,292
500.0,0.0,45143.9192,376.19932666666665,293
500.0,0.0,30207.579599999997,251.72983,294
500.0,0.0,50741.1346,422.8427883333334,295
500.0,0.0,38029.53755,316.9128129166666,296
500.0,0.0,44474.8107,370.6234225,297
500.0,1793.8893,32151.2196,249.987937,298
500.0,1089.3648,30952.634011,247.04496875833334,299
500.0,0.0,42415.43209,353.4619340833333,300
500.0,2016.1778,45062.5442,355.35942366666666,301
500.0,0.0,42670.4411,355.5870091666667,302
500.0,3000.0,40039.610499999995,303.6634208333333,303
500.0,231.62191,48813.3343,404.46156673333337,304
500.0,0.0,52072.4309,433.9369241666667,305
500.0,0.0,57348.9108,477.90759,306
500.0,0.0,31645.404958,263.7117079833333,307
500.0,0.0,32096.5518,267.471265,308
500.0,0.0,28515.92335,237.63269458333332,309
500.0,0.0,33602.287599999996,280.01906333333335,310
500.0,0.0,36432.397079999995,303.60330899999997,311
500.0,0.0,17682.27543,147.35229525,312
500.0,1947.45336,32904.3997,254.72879723333332,313
500.0,2234.7876,59134.5297,470.43987150000004,314
500.0,0.0,17190.932986,143.25777488333333,315
500.0,0.0,43631.8404,363.59867,316
500.0,0.0,29271.1133,243.92594416666668,317
500.0,0.0,21886.5278,182.38773166666664,318
500.0,0.0,34128.6402,284.405335,319
500.0,2755.1272,39841.6188,304.462218,320
500.0,0.0,47058.860700000005,392.1571725,321
500.0,0.0,47173.5875,393.11322916666666,322
500.0,0.0,38829.7877,323.5815641666667,323
500.0,209.57043,43110.4283,357.1578648666666,324
500.0,0.0,41769.4132,348.0784433333333,325
500.0,26.002916,35268.6982,293.6457891733333,326
500.0,0.0,52554.24224,437.9520186666666,327
500.0,0.0,56971.2379,474.7603158333333,328
500.0,0.0,41266.8255,343.89021249999996,329
500.0,3000.0,47034.0944,361.95078666666666,330
500.0,0.0,44888.5333,374.0711108333333,331
500.0,0.0,41178.748,343.1562333333333,332
500.0,0.0,31393.3168,261.61097333333333,333
500.0,0.0,34748.65723,289.5721435833333,334
500.0,0.0,38581.1047,321.50920583333334,335
500.0,0.0,57610.4244,480.08687,336
500.0,0.0,29048.3485,242.06957083333333,337
500.0,0.0,30666.960900000002,255.55800749999997,338
500.0,0.0,37359.7543,311.33128583333337,339
500.0,0.0,49180.66367,409.8388639166667,340
500.0,0.0,47275.4158,393.9617983333334,341
500.0,0.0,36112.732,300.93943333333334,342
500.0,0.0,39370.6657,328.0888808333333,343
500.0,0.0,41692.2168,347.43513999999993,344
500.0,0.0,53833.90934,448.6159111666666,345
500.0,0.0,29420.9717,245.17476416666665,346
500.0,0.0,21356.15859,177.96798825000002,347
500.0,0.0,41750.22949,347.9185790833333,348
500.0,0.0,42198.0472,351.65039333333334,349
500.0,0.0,45248.0408,377.06700666666666,350
500.0,1347.1679,52972.2673,427.96388183333335,351
500.0,2936.6192,45153.5719,346.9135738333333,352
500.0,0.0,37002.9332,308.35777666666667,353
500.0,0.0,44320.911199999995,369.3409266666667,354
500.0,0.0,41034.6723,341.9556025,355
500.0,441.16282,42728.172,351.6564718,356
500.0,0.0,38354.1371,319.61780916666663,357
500.0,0.0,53547.6555,446.23046250000004,358
500.0,0.0,37138.531839999996,309.4877653333333,359
500.0,0.0,35533.9808,296.1165066666666,360
500.0,838.95479,39204.5414,318.31496376666666,361
500.0,0.0,33733.845,281.115375,362
500.0,0.0,54674.2275,455.61856250000005,363
500.0,2362.3276,43381.240602,337.88706235,364
500.0,0.0,14949.5545,124.57962083333334,365
500.0,0.0,38241.8342,318.6819516666667,366
500.0,0.0,47314.4474,394.28706166666666,367
500.0,0.0,42676.9011,355.6408425,368
500.0,0.0,33817.80281,281.8150234166667,369
500.0,0.0,34765.9753,289.7164608333334,370
500.0,3563.59747,18697.3143,120.1749778,371
500.0,0.0,42404.481,353.37067499999995,372
500.0,0.0,36812.2672,306.7688933333333,373
500.0,758.18267,49225.213729999996,402.6282877166667,374
500.0,0.0,46344.536700000004,386.20447249999995,375
500.0,0.0,47290.6874,394.0890616666667,376
500.0,0.0,40982.8394,341.52366166666667,377
500.0,0.0,30468.081299999998,253.90067749999997,378
500.0,0.0,34726.72381,289.38936508333336,379
500.0,0.0,31729.67739,264.41397825,380
500.0,0.0,47295.4877,394.12906416666664,381
500.0,0.0,54637.5076,455.3125633333333,382
500.0,0.0,44113.729,367.6144083333333,383
500.0,0.0,29780.932849999997,248.17444041666664,384
500.0,0.0,38534.237929999996,321.11864941666664,385
500.0,0.0,26798.831899999997,223.32359916666667,386
500.0,1885.9227,36874.5178,288.42842133333335,387
500.0,0.0,8528.9813,71.07484416666667,388
500.0,916.50399,37100.5264,300.00601343333335,389
500.0,0.0,43425.24,361.87699999999995,390
500.0,0.0,48489.628600000004,404.08023833333334,391
500.0,0.0,47189.7235,393.2476958333333,392
500.0,0.0,57736.668300000005,481.13890250000003,393
500.0,0.0,31980.34968,266.50291400000003,394
500.0,885.56602,40890.17485,331.89579688333333,395
500.0,0.0,20722.26069,172.68550575,396
500.0,0.0,40906.3031,340.8858591666667,397
500.0,0.0,50601.4513,421.6787608333333,398
500.0,1830.9136,25190.4292,191.61110733333334,399
500.0,0.0,22582.6815,188.1890125,400
500.0,0.0,41072.06308,342.26719233333336,401
500.0,0.0,23647.9355,197.06612916666666,402
500.0,0.0,54883.354699999996,457.36128916666667,403
500.0,0.0,31322.744599999998,261.0228716666667,404
500.0,132.6196,52315.389,434.635379,405
500.0,0.0,55034.421409999995,458.62017841666665,406
500.0,0.0,38785.6937,323.21411416666666,407
500.0,0.0,45337.33855,377.8111545833334,408
500.0,0.0,50840.63267,423.6719389166667,409
500.0,1118.0372,33219.5576,265.64927466666666,410
500.0,0.0,36351.2299,302.9269158333333,411
500.0,0.0,54191.3781,451.5948175,412
500.0,0.0,43517.1844,362.6432033333333,413
500.0,0.0,32888.208,274.0684,414
500.0,0.0,52555.2059,437.96004916666664,415
500.0,0.0,23647.9906,197.06658833333333,416
500.0,0.0,59459.22655,495.4935545833333,417
500.0,46.028118,34865.6707,290.08697465333336,418
500.0,0.0,57991.40086,483.26167383333336,419
500.0,0.0,52651.6947,438.7641225,420
500.0,1639.4182,49810.2727,398.6914238333333,421
500.0,0.0,33516.1632,279.30136000000005,422
500.0,0.0,36179.21513,301.49345941666667,423
500.0,0.0,50850.0596,423.75049666666666,424
500.0,5809.1411,19656.2879,105.71098816666668,425
500.0,2140.3539,43536.5156,341.4007576666666,426
500.0,0.0,49341.8579,411.1821491666667,427
500.0,0.0,48719.221,405.9935083333333,428
500.0,0.0,47085.3644,392.3780366666666,429
500.0,0.0,36516.4942,304.30411833333335,430
500.0,0.0,38993.8371,324.9486425,431
500.0,0.0,41563.0344,346.35862,432
500.0,0.0,39757.4696,331.3122466666667,433
500.0,0.0,58825.4635,490.21219583333334,434
500.0,0.0,28319.05339,235.99211158333333,435
500.0,0.0,38125.0317,317.7085975,436
500.0,0.0,39838.81982,331.99016516666666,437
500.0,0.0,59233.8376,493.61531333333335,438
500.0,0.0,56149.50283,467.91252358333327,439
500.0,0.0,45561.234800000006,379.6769566666667,440
500.0,2050.6303,38103.60865,297.0237690833333,441
500.0,0.0,48087.9288,400.73274000000004,442
500.0,0.0,27513.1781,229.27648416666665,443
500.0,0.0,43823.5917,365.1965975,444
500.0,6000.0,35693.67966,237.4473305,445
500.0,0.0,48124.5896,401.0382466666666,446
500.0,859.92496,24956.9917,199.37568123333332,447
500.0,0.0,48860.1039,407.1675325,448
500.0,0.0,37744.1152,314.5342933333334,449
500.0,0.0,40467.4017,337.2283475,450
500.0,0.0,59885.947,499.04955833333327,451
500.0,0.0,45690.1604,380.7513366666666,452
500.0,0.0,44069.2848,367.24404,453
500.0,0.0,36535.16678,304.45972316666666,454
500.0,0.0,46532.50562,387.7708801666667,455
500.0,0.0,60380.7729,503.1731075,456
500.0,2213.8303,43424.6766,339.734002,457
500.0,0.0,51437.6845,428.6473708333333,458
500.0,0.0,41897.759121,349.147992675,459
500.0,0.0,42286.2234,352.385195,460
500.0,0.0,47759.2215,397.99351250000007,461
500.0,0.0,50341.790380000006,419.51491983333335,462
500.0,2496.4419,42330.815,327.79237266666667,463
500.0,0.0,42573.53504,354.77945866666664,464
500.0,0.0,57065.1398,475.54283166666664,465
500.0,0.0,35109.1475,292.5762291666667,466
500.0,1591.3886,24851.9196,191.185444,467
500.0,2809.9593,39545.4701,301.44599116666666,468
500.0,0.0,35852.1668,298.76805666666667,469
500.0,0.0,32726.38972,272.71991433333335,470
500.0,0.0,49575.4939,413.12911583333334,471
500.0,0.0,39283.1323,327.3594358333333,472
500.0,0.0,39637.4667,330.31222249999996,473
500.0,0.0,41874.6023,348.95501916666666,474
500.0,958.16992,22487.2693,177.81221163333333,475
500.0,2827.8515,30736.65757,227.86029808333333,476
500.0,0.0,58893.8831,490.78235916666665,477
500.0,0.0,35677.17963,297.30983025,478
500.0,0.0,31429.642340000002,261.91368616666665,479
500.0,0.0,35399.1171,294.99264250000004,480
500.0,0.0,42269.074,352.2422833333333,481
500.0,0.0,34239.1239,285.3260325,482
500.0,0.0,38653.6865,322.1140541666667,483
500.0,2503.77584,33116.005,250.92894993333334,484
500.0,0.0,40431.1778,336.9264816666667,485
500.0,0.0,40925.2866,341.04405499999996,486
500.0,0.0,23118.7016,192.6558466666667,487
500.0,429.2834,35044.236,287.74246600000004,488
500.0,61.775786,46032.3174,382.98488713999996,489
500.0,0.0,45294.4052,377.45337666666666,490
500.0,0.0,32911.9707,274.2664225,491
500.0,0.0,51081.2735,425.67727916666666,492
500.0,0.0,56393.0707,469.9422558333333,493
500.0,0.0,26084.75676,217.372973,494
500.0,560.81856,16289.353693000001,130.13642850833332,495
500.0,1090.161,49320.9197,400.1060541666667,496
500.0,0.0,34293.95,285.78291666666667,497
500.0,4735.746,23522.4413,148.66288416666666,498
500.0,2179.445,49257.1848,388.68209,499
500.0,227.97645,31313.66274,258.667425,500
500.0,0.0,44230.9624,368.5913533333333,501
500.0,0.0,45794.6172,381.62181,502
500.0,3120.0496000000003,34216.2517,253.93493483333333,503
500.0,0.0,44282.2584,369.01882,504
500.0,0.0,43667.4333,363.8952775,505
500.0,0.0,59070.6758,492.25563166666666,506
500.0,0.0,48052.6979,400.43914916666665,507
500.0,971.45307,38988.2186,315.18729096666664,508
500.0,2370.191,46893.5269,367.0774808333333,509
500.0,0.0,26095.06075,217.45883958333334,510
500.0,521.23936,26094.6123,212.24270890000003,511
500.0,333.97132,44392.8384,366.60060680000004,512
500.0,0.0,39698.8463,330.8237191666667,513
500.0,0.0,54908.8862,457.5740516666667,514
500.0,811.68245,21879.2683,174.21041133333335,515
500.0,1256.7566,41248.63554,331.1710635,516
500.0,0.0,26734.5684,222.78806999999998,517
500.0,0.0,29375.765330000002,244.7980444166667,518
500.0,0.0,52105.201199999996,434.21001,519
500.0,0.0,57326.6746,477.7222883333333,520
500.0,0.0,50266.35861,418.88632175,521
500.0,0.0,40466.8104,337.22342000000003,522
500.0,1722.6334,29320.790399999998,227.113586,523
500.0,0.0,44111.8026,367.59835499999997,524
500.0,531.8946,33548.7945,274.2543415,525
500.0,954.04264,30148.5837,241.69777109999998,526
500.0,0.0,31974.329999999998,266.45275,527
500.0,2313.9034,32362.8966,246.551771,528
500.0,0.0,45677.667,380.647225,529
500.0,0.0,41154.47873,342.9539894166666,530
500.0,5450.20886,34690.5551,234.5858705666667,531
500.0,0.0,43078.5503,358.98791916666664,532
500.0,0.0,27489.5472,229.07956,533
500.0,0.0,35152.4918,292.93743166666667,534
500.0,0.0,19065.887290000002,158.88239408333337,535
500.0,0.0,40845.7978,340.3816483333333,536
500.0,0.0,42813.0418,356.77534833333334,537
500.0,0.0,35025.48084,291.879007,538
500.0,0.0,43127.9005,359.3991708333333,539
500.0,0.0,47093.4032,392.44502666666665,540
500.0,0.0,59376.8743,494.80728583333337,541
500.0,0.0,29093.724299999998,242.4477025,542
500.0,800.1726,42785.1839,348.5414731666667,543
500.0,3000.0,37848.071418,285.40059514999996,544
500.0,0.0,40544.076,337.8673,545
500.0,616.19915,64973.0777,535.2803226666667,546
500.0,0.0,43086.2128,359.05177333333336,547
500.0,0.0,39845.6334,332.04694500000005,548
500.0,0.0,17766.936700000002,148.05780583333333,549
500.0,0.0,50255.8411,418.79867583333333,550
500.0,0.0,39784.6207,331.5385058333333,551
500.0,1029.5651,14296.690299999998,108.84343483333333,552
500.0,0.0,38304.2067,319.2017225,553
500.0,0.0,43890.53616,365.754468,554
500.0,0.0,27144.37017,226.20308475,555
500.0,0.0,48020.3013,400.1691775,556
500.0,2930.1365,40146.74598,305.2548515,557
500.0,0.0,23681.73737,197.34781141666664,558
500.0,538.14777,48684.5759,400.3233214666667,559
500.0,0.0,32539.97276,271.16643966666663,560
500.0,2831.8724,41890.0866,320.76533099999995,561
500.0,353.05486,46032.9485,380.07735556666665,562
500.0,0.0,45280.557,377.337975,563
500.0,2219.0786,31496.5006,240.28005233333334,564
500.0,1743.9927825,26571.5208,203.98941217499998,565
500.0,389.92059,36141.5798,297.2806257666667,566
500.0,0.0,34434.2645,286.9522041666666,567
500.0,331.17969,41134.113,339.4724781,568
500.0,0.0,43680.3793,364.0031608333333,569
500.0,0.0,41458.9413433,345.4911778608333,570
500.0,0.0,34420.16117,286.83467641666664,571
500.0,0.0,44423.3041,370.1942008333333,572
500.0,0.0,43717.8108,364.31509,573
500.0,2378.1371,32298.1813,245.37013983333333,574
500.0,0.0,33683.107812999995,280.6925651083333,575
500.0,0.0,23140.5307,192.83775583333332,576
500.0,0.0,39499.34843,329.16123691666667,577
500.0,0.0,40239.9827,335.33318916666667,578
500.0,0.0,27557.5583,229.64631916666667,579
500.0,0.0,28778.7623,239.82301916666665,580
500.0,1170.2882,49480.0333,400.63072883333336,581
500.0,0.0,44781.4584,373.17882000000003,582
500.0,0.0,36378.97641,303.1581367499999,583
500.0,0.0,27475.11691,228.95930758333333,584
500.0,0.0,44096.76571,367.47304758333337,585
500.0,0.0,35674.99859,297.29165491666663,586
500.0,2576.3697,39678.2065,304.8880238333333,587
500.0,0.0,42187.440989999996,351.56200824999996,588
500.0,0.0,49168.82434,409.74020283333334,589
500.0,0.0,29537.392490000002,246.14493741666666,590
500.0,0.0,36248.105800000005,302.0675483333333,591
500.0,0.0,53677.5654,447.31304500000005,592
500.0,0.0,31511.5921,262.59660083333335,593
500.0,0.0,39561.4366,329.67863833333337,594
500.0,0.0,48268.8963,402.2408025,595
500.0,743.42222,30673.35557,248.17707421666665,596
500.0,0.0,37342.99414,311.19161783333334,597
500.0,7.8281785,22365.4715,186.30064738166666,598
500.0,0.0,52273.74333,435.61452775,599
500.0,0.0,32732.61903,272.77182525,600
500.0,0.0,28493.07,237.44225,601
500.0,0.0,39850.91994,332.0909995,602
500.0,1405.5481,24113.1178,186.88716733333334,603
500.0,414.26532,44475.146929999995,366.48357121666663,604
500.0,0.0,49242.972200000004,410.3581016666667,605
500.0,4376.4663,39459.8949,285.0677945,606
500.0,377.17097,32786.7981,269.4516078,607
500.0,2524.4718,41766.6516,322.810712,608
500.0,0.0,27098.718652,225.82265543333335,609
500.0,1866.7331,42406.261099999996,334.71817816666663,610
500.0,0.0,49277.8174,410.6484783333334,611
500.0,0.0,42830.666,356.92221666666666,612
500.0,0.0,32002.3186,266.68598833333334,613
500.0,1927.3379,45715.6487,361.69036016666666,614
500.0,0.0,40166.0167,334.7168058333333,615
500.0,0.0,42852.7759,357.10646583333335,616
500.0,0.0,33587.20007,279.8933339166667,617
500.0,0.0,37267.89423,310.56578525,618
500.0,0.0,52869.6898,440.58074833333336,619
500.0,0.0,29780.4868,248.17072333333334,620
500.0,0.0,28623.519099999998,238.52932583333333,621
500.0,33.566915,45584.07531,379.5316251,622
500.0,0.0,65207.6874,543.3973950000001,623
500.0,0.0,35525.6495,296.04707916666666,624
500.0,0.0,41217.6659384,343.48054948666663,625
500.0,0.0,30662.0762,255.5173016666667,626
500.0,1417.6594,30857.4123,242.96850849999998,627
500.0,0.0,43408.873,361.7406083333333,628
500.0,1848.444,48076.5986,382.1538816666667,629
500.0,0.0,32913.88111,274.2823425833333,630
500.0,0.0,32193.759289999998,268.2813274166666,631
500.0,0.0,27644.3311,230.36942583333334,632
500.0,0.0,48534.5071,404.45422583333334,633
500.0,0.0,25683.18927,214.02657725,634
500.0,0.0,42437.936456,353.6494704666667,635
500.0,0.0,28269.584369999997,235.57986975,636
500.0,0.0,34089.64774,284.08039783333334,637
500.0,0.0,51168.48451,426.4040375833333,638
500.0,0.0,40072.9203,333.94100249999997,639
500.0,1883.6988,42271.1776,333.4228253333333,640
500.0,0.0,38460.3692,320.5030766666667,641
500.0,1468.4696,39170.30322,311.7344975,642
500.0,4383.7756,34058.4236,239.98244066666666,643
500.0,0.0,58393.9021,486.6158508333333,644
500.0,410.38127,47871.4681,394.8250881333334,645
500.0,0.0,38281.143299999996,319.0095275,646
500.0,0.0,45654.8114,380.4567616666667,647
500.0,0.0,41616.873270000004,346.80727725,648
500.0,0.0,33561.8751,279.6822925,649
500.0,1929.04943,25718.1369,195.0273132,650
500.0,0.0,45646.564,380.3880333333334,651
500.0,1535.7603,26224.181,203.17723866666665,652
500.0,0.0,30698.0772,255.81731,653
500.0,2941.1888,41037.4012,312.5664553333333,654
500.0,30.644495,29700.6617,247.19906921666666,655
500.0,2091.8615,46594.8592,367.3718783333333,656
500.0,0.0,35916.0114,299.300095,657
500.0,0.0,48316.481745000005,402.637347875,658
500.0,1257.2147,36523.676159999995,291.791821,659
500.0,0.0,48432.967,403.60805833333336,660
500.0,0.0,40911.7788,340.93149,661
500.0,626.71251,42162.08903,345.0836168166667,662
500.0,0.0,53825.8301,448.5485841666666,663
500.0,1217.8179,49084.1181,396.8561385,664
500.0,0.0,41893.3888,349.1115733333333,665
500.0,1378.9297,49084.15606,395.2453368333334,666
500.0,0.0,40836.8931,340.3074425,667
500.0,0.0,43333.7863,361.11488583333335,668
500.0,440.32157,31833.546299999998,260.8763368,669
500.0,0.0,39350.9281,327.9244008333333,670
500.0,0.0,44839.754735999995,373.66462279999996,671
500.0,0.0,56887.6617,474.0638475,672
500.0,0.0,35001.2651,291.67720916666667,673
500.0,0.0,35457.0947,295.4757891666667,674
500.0,0.0,25317.761877,210.981348975,675
500.0,0.0,30709.162500000002,255.90968749999996,676
500.0,0.0,39046.56343,325.3880285833333,677
500.0,936.80875,49623.815800000004,404.16371083333337,678
500.0,0.0,62184.931430000004,518.2077619166666,679
500.0,0.0,33123.450035,276.02875029166665,680
500.0,0.0,52207.0024,435.05835333333334,681
500.0,0.0,67082.1457,559.0178808333333,682
500.0,0.0,45750.072,381.2506,683
500.0,0.0,21945.231760000002,182.87693133333335,684
500.0,1633.5837,28016.722999999998,217.13685466666666,685
500.0,0.0,47177.1585,393.14298749999995,686
500.0,0.0,37325.5123,311.0459358333334,687
500.0,0.0,41413.138100000004,345.1094841666667,688
500.0,0.0,59823.7369,498.5311408333333,689
500.0,0.0,41782.15848,348.184654,690
500.0,224.71091,37775.3915,312.5478200666667,691
500.0,3000.0,58846.450000000004,460.38708333333335,692
500.0,0.0,22062.621629999998,183.85518025,693
500.0,0.0,44681.455,372.34545833333334,694
500.0,20.152196,27421.5721,228.31157887333336,695
500.0,0.0,36707.5734,305.89644499999997,696
500.0,0.0,29366.395,244.71995833333335,697
500.0,0.0,39859.192800000004,332.15994,698
500.0,0.0,26295.50006,219.12916716666666,699
500.0,0.0,44312.6522,369.2721016666667,700
500.0,0.0,30237.2563,251.97713583333334,701
500.0,370.21039,24018.36652,196.45095043333336,702
500.0,0.0,20754.76238,172.95635316666664,703
500.0,137.8008,48579.74741,403.45322041666674,704
500.0,0.0,28893.8476,240.78206333333333,705
500.0,0.0,38848.8416,323.74034666666665,706
500.0,0.0,40342.683600000004,336.18903,707
500.0,154.59998,20666.917719999998,170.67831453333332,708
500.0,617.53013,54385.7733,447.03947619999997,709
500.0,3000.0,37717.01986,284.3084988333333,710
500.0,0.0,43472.64178,362.27201483333334,711
500.0,0.0,44141.55826,367.8463188333334,712
500.0,0.0,25943.19022,216.19325183333336,713
500.0,0.0,36652.377,305.43647500000003,714
500.0,556.78678,36349.5349,297.3449230333333,715
500.0,0.0,36296.3649,302.4697075,716
500.0,0.0,37908.7973,315.90664416666664,717
500.0,0.0,61572.64032,513.105336,718
500.0,1461.5355,40286.24391,321.10334425,719
500.0,1660.873,54097.7726,434.20604166666664,720
500.0,0.0,53510.2029,445.91835749999996,721
500.0,0.0,54647.208099999996,455.3934008333333,722
500.0,1118.6683,47912.6255,388.08519616666666,723
500.0,0.0,43154.19563,359.6182969166667,724
500.0,0.0,46930.9727,391.09143916666665,725
500.0,0.0,33731.32477,281.0943730833333,726
500.0,0.0,54487.8831,454.0656925,727
500.0,0.0,56300.3023,469.1691858333333,728
500.0,475.41676,29766.7067,243.30172156666663,729
500.0,0.0,39283.0223,327.35851916666667,730
500.0,0.0,30617.28992,255.1440826666667,731
500.0,0.0,33248.30762,277.06923016666667,732
500.0,0.0,59623.9092,496.86591,733
500.0,0.0,47937.37384,399.47811533333334,734
500.0,3000.0,41989.600183,319.9133348583333,735
500.0,0.0,31033.7649,258.6147075,736
500.0,0.0,32515.9086,270.965905,737
500.0,3000.0,32954.316999999995,244.6193083333333,738
500.0,0.0,45092.16312,375.768026,739
500.0,0.0,41196.6431,343.3053591666667,740
500.0,0.0,37071.78244,308.9315203333333,741
500.0,0.0,52802.9533,440.0246108333333,742
500.0,247.99002,48361.7188,400.5344231333333,743
500.0,0.0,41299.165199999996,344.15971,744
500.0,0.0,27165.244599999998,226.3770383333333,745
500.0,0.0,32033.92084,266.9493403333333,746
500.0,0.0,41099.7422,342.49785166666663,747
500.0,0.0,43612.28999,363.4357499166666,748
500.0,0.0,35611.63062,296.7635885,749
500.0,0.0,55917.8724,465.98226999999997,750
500.0,1368.4356,35493.2084,282.09238066666666,751
500.0,0.0,56905.1142,474.209285,752
500.0,0.0,45790.048,381.5837333333333,753
500.0,0.0,27361.01798,228.00848316666668,754
500.0,0.0,22890.151420000002,190.75126183333333,755
500.0,0.0,46028.7038,383.57253166666663,756
500.0,1017.8276,21431.96204,168.42140766666665,757
500.0,0.0,40478.79703,337.3233085833333,758
500.0,3000.0,42162.0957,321.3507975,759
500.0,4565.14964,28632.773,192.95494526666664,760
500.0,0.0,36613.73492,305.1144576666667,761
500.0,1200.6019,38573.1546,309.436936,762
500.0,0.0,32408.1163,270.0676358333333,763
500.0,0.0,51737.332800000004,431.14444000000003,764
500.0,0.0,40744.2106,339.5350883333333,765
500.0,0.0,42611.024,355.0918666666667,766
500.0,0.0,45818.3536,381.81961333333334,767
500.0,3000.0,34593.24671,258.27705591666665,768
500.0,0.0,50124.273499999996,417.70227916666664,769
500.0,3000.0,39875.8912,302.2990933333333,770
500.0,44.720625,43863.6995,365.0836229166667,771
500.0,0.0,33843.43584,282.02863199999996,772
500.0,0.0,46371.6542,386.4304516666666,773
500.0,0.0,32422.5271,270.18772583333333,774
500.0,0.0,34369.0884,286.40907000000004,775
500.0,0.0,58475.8466,487.2987216666666,776
500.0,369.68276,59305.6438,490.5168707333333,777
500.0,0.0,50830.6194,423.588495,778
500.0,0.0,49708.1607,414.2346725,779
500.0,0.0,40822.1766,340.184805,780
500.0,0.0,33867.6274,282.23022833333334,781
500.0,2306.7509,37421.4417,288.7778385,782
500.0,1288.4576,27910.273090000002,219.70103308333336,783
500.0,0.0,31704.99411,264.20828424999996,784
500.0,0.0,27432.93402,228.60778349999998,785
500.0,0.0,34050.4791,283.7539925,786
500.0,0.0,45455.8411,378.7986758333334,787
500.0,0.0,57414.16079,478.4513399166666,788
500.0,0.0,49111.0034,409.25836166666664,789
500.0,0.0,58308.3024,485.90252,790
500.0,0.0,40232.8847,335.2740391666667,791
500.0,0.0,70053.8305,583.7819208333333,792
500.0,0.0,37210.9899,310.0915825,793
500.0,0.0,60309.0501,502.5754175,794
500.0,0.0,31265.81321,260.54844341666666,795
500.0,0.0,36028.89007,300.24075058333335,796
500.0,828.7949,16531.63532,129.47567866666668,797
500.0,3000.0,28635.786587,208.63155489166667,798
500.0,2676.2296,44503.151232,344.0972976,799
500.0,0.0,42360.0725,353.0006041666667,800
500.0,159.54926,10739.0405,87.89651156666667,801
500.0,0.0,21704.9936,180.8749466666667,802
500.0,0.0,39085.7509,325.7145908333333,803
500.0,0.0,39047.7819,325.3981825,804
500.0,3000.0,46690.6895,359.0890791666667,805
500.0,2770.2311,48865.3061,379.5085731666667,806
500.0,0.0,22371.7104,186.43092000000001,807
500.0,0.0,60991.4584,508.26215333333334,808
500.0,0.0,31206.345510000003,260.05287925,809
500.0,2430.9777,41323.32017,320.0512244166667,810
500.0,0.0,42234.4452,351.95371,811
500.0,0.0,53530.3827,446.0865225,812
500.0,0.0,32039.59499,266.99662491666663,813
500.0,0.0,49034.456,408.62046666666663,814
500.0,0.0,47083.1541,392.3596175,815
500.0,1230.7755,47952.60937,387.2973230833333,816
500.0,0.0,59793.1924,498.2766033333333,817
500.0,1489.4548,33913.4268,267.717342,818
500.0,0.0,44167.20734,368.0600611666666,819
500.0,0.0,51434.1596,428.61799666666667,820
500.0,2858.488392,19667.79869,135.31343849666666,821
500.0,0.0,43915.75217,365.96460141666665,822
500.0,221.77037,47443.2811,393.1429721333334,823
500.0,0.0,41940.7023,349.50585249999995,824
500.0,0.0,43274.5947,360.6216225,825
500.0,0.0,27832.36,231.93633333333335,826
500.0,0.0,30044.6286,250.37190500000003,827
500.0,0.0,38956.6635,324.6388625,828
500.0,3000.0,49166.8087,379.72340583333335,829
500.0,0.0,32501.199,270.843325,830
500.0,0.0,45403.59342,378.3632785,831
500.0,1442.8702,38683.0703,307.9302171666667,832
500.0,0.0,33743.2728,281.19394,833
500.0,0.0,40383.84931,336.5320775833333,834
500.0,0.0,29354.2442,244.61870166666668,835
500.0,2763.5758,35141.6196,265.211072,836
500.0,3000.0,44601.2734,341.67727833333333,837
500.0,0.0,46105.746,384.21455000000003,838
500.0,0.0,57232.643299999996,476.93869416666666,839
500.0,6000.0,36818.1367,246.81780583333335,840
500.0,3807.47561,33226.7889,238.8151514,841
500.0,3000.0,37424.42368,281.87019733333335,842
500.0,265.67448,50714.476500000004,419.9638927,843
500.0,2490.87,27531.7476,204.52253,844
500.0,0.0,34135.338970000004,284.4611580833334,845
500.0,0.0,39654.8766,330.457305,846
500.0,0.0,38457.35891,320.47799091666667,847
500.0,0.0,29634.41472,246.95345600000002,848
500.0,0.0,39404.8239,328.3735325,849
500.0,2111.1761,43013.3662,337.3329573333333,850
500.0,0.0,37902.1676,315.85139666666663,851
500.0,0.0,44491.2174,370.76014499999997,852
500.0,20.349411,51190.804,426.38653922333333,853
500.0,0.0,39871.1884,332.25990333333334,854
500.0,0.0,41198.8242,343.323535,855
500.0,1899.8722,32362.2486,250.686683,856
500.0,0.0,42555.125720000004,354.62604766666664,857
500.0,0.0,40171.712100000004,334.76426749999996,858
500.0,0.0,52163.719,434.6976583333334,859
500.0,0.0,54329.9975,452.74997916666666,860
500.0,0.0,29509.918400000002,245.9159866666667,861
500.0,1516.8216,41889.7547,333.91307316666666,862
500.0,133.43797,35869.47702,297.5779288,863
500.0,2628.4303,44804.350300000006,347.0852828333334,864
500.0,0.0,51148.089,426.23407499999996,865
500.0,0.0,58303.9787,485.8664891666667,866
500.0,453.12302,44213.595,363.9153948,867
500.0,0.0,57014.767100000005,475.1230591666666,868
500.0,0.0,50275.990399999995,418.9665866666667,869
500.0,0.0,43717.0541,364.30878416666667,870
500.0,0.0,56474.1033,470.6175275,871
500.0,0.0,23856.4796,198.80399666666668,872
500.0,0.0,58385.3038,486.5441983333333,873
500.0,1496.4837,34112.8819,269.3091788333333,874
500.0,120.89409,27440.635609999998,227.46302251666668,875
500.0,0.0,24401.16874,203.34307283333334,876
500.0,0.0,35997.09441,299.97578675,877
500.0,0.0,20553.719,171.28099166666667,878
500.0,0.0,39965.44332,333.04536099999996,879
500.0,0.0,41404.7008,345.03917333333334,880
500.0,0.0,39070.1393,325.5844941666667,881
500.0,0.0,49003.6001,408.3633341666667,882
500.0,4321.057,30589.2759,211.7000625,883
500.0,0.0,50893.07724,424.108977,884
500.0,0.0,56469.6293,470.58024416666666,885
500.0,0.0,46464.8078,387.20673166666666,886
500.0,3547.84804,23503.6794,160.3855146,887
500.0,0.0,30543.09585,254.52579874999998,888
500.0,0.0,44537.6542,371.1471183333333,889
500.0,0.0,28070.08485,233.91737375,890
500.0,1994.7301,44217.91928,348.53535966666664,891
500.0,1964.7364,38743.108,303.2118693333333,892
500.0,0.0,20672.645736,172.2720478,893
500.0,0.0,33441.40944,278.678412,894
500.0,0.0,33305.19671,277.54330591666667,895
500.0,0.0,40639.4733,338.66227749999996,896
500.0,0.0,35704.3345,297.5361208333333,897
500.0,0.0,33535.951,279.46625833333337,898
500.0,331.07163,53430.221600000004,441.9411303666667,899
500.0,0.0,38584.9104,321.54092,900
500.0,0.0,45681.6485,380.6804041666667,901
500.0,0.0,61697.475099999996,514.1456258333333,902
500.0,1043.4235,43952.09392,355.83321433333333,903
500.0,3000.0,40445.780238,307.04816865,904
500.0,895.28207,36989.73165,299.29494305,905
500.0,0.0,28456.30433,237.13586941666665,906
500.0,2499.1206,35540.8693,271.18270483333333,907
500.0,5274.046,37709.845,261.50824833333337,908
500.0,0.0,39449.3289,328.7444075,909
500.0,0.0,36932.620800000004,307.77184,910
500.0,2382.0524,35263.207,270.03953433333334,911
500.0,0.0,39468.10106,328.9008421666667,912
500.0,0.0,18861.62023,157.18016858333334,913
500.0,0.0,44380.1676,369.83473,914
500.0,0.0,41734.74791,347.7895659166667,915
500.0,0.0,43497.8113,362.48176083333334,916
500.0,0.0,45689.978606,380.74982171666664,917
500.0,0.0,47741.876000000004,397.8489666666667,918
500.0,0.0,40856.2596,340.46883,919
500.0,0.0,43773.0418,364.7753483333333,920
500.0,363.38121,43359.621793,357.6963695083333,921
500.0,2177.506,43471.1392,340.4844333333333,922
500.0,0.0,48395.84472,403.29870600000004,923
500.0,0.0,27598.52827,229.98773558333335,924
500.0,349.19624,24690.089799999998,202.25878593333331,925
500.0,0.0,36244.4046,302.036705,926
500.0,0.0,50139.9206,417.83267166666667,927
500.0,0.0,46642.9377,388.6911475,928
500.0,367.0666,41408.501299999996,341.40017816666665,929
500.0,2030.2835,38309.4781,298.9428158333333,930
500.0,0.0,47929.1701,399.4097508333333,931
500.0,3000.0,32041.58082,237.0131735,932
500.0,3000.0,33326.2053,247.7183775,933
500.0,2398.9535,45981.4481,359.18919916666664,934
500.0,168.71937,42693.527,354.0921979666667,935
500.0,0.0,39670.424,330.58686666666665,936
500.0,208.21042,37779.112329999996,312.74383188333337,937
500.0,0.0,49533.083399999996,412.775695,938
500.0,1151.3968,44397.2653,358.4632428333333,939
500.0,0.0,42822.7528,356.8562733333333,940
500.0,0.0,39895.981,332.4665083333333,941
500.0,0.0,47070.02674,392.25022283333334,942
500.0,660.16323,54033.3637,443.6763985333333,943
500.0,0.0,1043.03465,8.691955416666666,944
500.0,799.87131,45222.9303,368.8590394,945
500.0,1669.0065,43964.78425,349.6831370833333,946
500.0,0.0,43881.59244,365.679937,947
500.0,0.0,38456.9243,320.4743691666667,948
500.0,0.0,43714.6463,364.2887191666667,949
500.0,0.0,43034.9154,358.62429499999996,950
500.0,0.0,49615.1772,413.45981,951
500.0,0.0,44111.9369,367.59947416666665,952
500.0,0.0,43878.4944,365.65412000000003,953
500.0,0.0,39307.53985,327.5628320833333,954
500.0,1134.6138,51500.1356,417.8216586666666,955
500.0,1207.9122,43766.127309999996,352.6386055833333,956
500.0,2116.4644,61037.6196,487.482186,957
500.0,1421.3904,46865.1948,376.32938600000006,958
500.0,0.0,34445.0302,287.04191833333334,959
500.0,0.0,40182.275,334.85229166666664,960
500.0,0.0,26460.9624,220.50802,961
500.0,612.58617,29124.7295,236.58021746666662,962
500.0,0.0,38173.849,318.11540833333333,963
500.0,2737.323,48324.4558,375.3305683333333,964
500.0,0.0,52298.2994,435.8191616666666,965
500.0,0.0,37200.58649,310.00488741666663,966
500.0,0.0,42207.673500000004,351.7306125,967
500.0,1069.4066,29892.480199999998,238.40993566666666,968
500.0,0.0,41261.2836,343.84403,969
500.0,0.0,30035.13766,250.29281383333333,970
500.0,0.0,36494.483700000004,304.1206975,971
500.0,0.0,24210.6505,201.75542083333335,972
500.0,0.0,47098.1337,392.4844475,973
500.0,0.0,46343.57461,386.19645508333326,974
500.0,0.0,44477.6982,370.647485,975
500.0,0.0,50557.2234,421.310195,976
500.0,0.0,36807.54278,306.7295231666667,977
500.0,0.0,51791.3044,431.5942033333333,978
500.0,0.0,42904.649249999995,357.53874375,979
500.0,209.87205,34545.152799999996,285.77755283333335,980
500.0,0.0,28270.9158,235.59096499999998,981
500.0,0.0,59006.96232,491.72468599999996,982
500.0,0.0,58536.8433,487.8070275,983
500.0,0.0,58208.34944,485.06957866666664,984
500.0,0.0,49073.0713,408.9422608333333,985
500.0,2787.5859,24426.1416,175.675321,986
500.0,0.0,46012.80326,383.4400271666667,987
500.0,0.0,37925.6808,316.04733999999996,988
500.0,0.0,44451.9029,370.4325241666666,989
500.0,0.0,19578.9226,163.15768833333334,990
500.0,3000.0,35509.99,265.9165833333333,991
500.0,4069.498,38486.3766,280.02482499999996,992
500.0,2513.6667,43906.4443,340.7503688333333,993
500.0,104.34813,46009.4124,382.3682887,994
500.0,0.0,38832.4038,323.603365,995
500.0,0.0,60179.62855,501.4969045833333,996
500.0,0.0,38013.59719,316.77997658333334,997
500.0,0.0,45722.5588,381.0213233333333,998
500.0,0.0,36752.89557,306.27412974999993,999
